date,year,month,pairs,target_c,control_c,gap_c,cover_year,supported
2021-06-11,2021,6,40,46.96509899946359,49.083041186699504,-2.117942187235906,2021,True
2021-06-27,2021,6,38,48.20268148933736,52.53844243897761,-4.335760949640254,2021,True
2021-07-13,2021,7,38,50.44597083301886,52.99466429593271,-2.548693462913841,2021,True
2021-07-29,2021,7,37,49.83569884882293,52.03212498792409,-2.196426139101158,2021,True
2021-08-14,2021,8,38,48.91542623456282,51.53588186510041,-2.620455630537584,2021,True
2021-08-30,2021,8,38,50.12144454616284,52.513700403375665,-2.3922558572128234,2021,True
2021-09-15,2021,9,37,46.61145737110512,48.98492025713934,-2.3734628860342206,2021,True
2022-06-22,2022,6,187,51.88873951473618,56.04225334739412,-4.15351383265794,2022,True
2022-06-30,2022,6,195,47.41301967667785,49.763174878648265,-2.350155201970417,2022,True
2022-08-09,2022,8,186,51.00052326066717,53.075331431187564,-2.0748081705203893,2022,True
2022-09-02,2022,9,168,49.25662789036212,52.45824307066263,-3.201615180300518,2022,True
2022-09-10,2022,9,186,45.41874871851775,49.41319001105524,-3.9944412925374944,2022,True
2022-09-18,2022,9,180,47.84755696001313,50.112369467254375,-2.2648125072412486,2022,True
2023-06-01,2023,6,225,45.998286757143525,47.95218819337751,-1.9539014362339862,2023,True
2023-06-09,2023,6,233,49.2063635989307,52.251082156077786,-3.04471855714708,2023,True
2023-06-17,2023,6,225,48.92022769289245,50.776390843491946,-1.856163150599491,2023,True
2023-06-25,2023,6,229,50.2335420796,52.46896993655787,-2.2354278569578683,2023,True
2023-07-03,2023,7,230,49.27712441149288,51.07939357004228,-1.8022691585493993,2023,True
2023-07-11,2023,7,213,49.73344670222093,52.36354912531858,-2.6301024230976453,2023,True
2023-07-19,2023,7,222,49.62051916813231,52.07413903641015,-2.4536198682778427,2023,True
2023-08-04,2023,8,221,50.79857551561809,52.829526764218755,-2.030951248600662,2023,True
2023-08-12,2023,8,214,48.15442980033386,49.566504702881964,-1.4120749025480992,2023,True
2023-08-20,2023,8,213,44.57681225783216,46.527208805771416,-1.950396547939249,2023,True
2023-08-28,2023,8,232,50.26405404206402,53.09251303693269,-2.8284589948686696,2023,True
2023-09-05,2023,9,211,46.59051404237486,48.78042959870165,-2.1899155563267874,2023,True
2023-09-13,2023,9,217,45.94725052637529,47.98693576870762,-2.0396852423323293,2023,True
2023-09-21,2023,9,220,42.93932635702056,45.81970992416372,-2.8803835671431535,2023,True
2023-09-29,2023,9,214,45.9615220463193,48.06434143097487,-2.1028193846555627,2023,True
2024-06-03,2024,6,224,45.902583318521444,47.39568479721737,-1.4931014786959318,2023,True
2024-06-11,2024,6,211,49.69854540447,51.08755107130182,-1.3890056668318258,2023,True
2024-06-19,2024,6,243,50.85595508178611,52.6896831322116,-1.8337280504254891,2023,True
2024-06-27,2024,6,214,50.89536281039953,52.82114643457225,-1.9257836241727169,2023,True
2024-07-13,2024,7,217,51.27540738817363,53.24112289521308,-1.9657155070394456,2023,True
2024-07-21,2024,7,210,43.14708385257931,43.81796472081334,-0.6708808682340406,2023,True
2024-07-29,2024,7,217,44.30670765420402,46.42607483459685,-2.119367180392832,2023,True
2024-08-14,2024,8,218,52.69334284908714,55.143152945324566,-2.4498100962374294,2023,True
2024-08-30,2024,8,216,47.9692824215178,49.02829778956164,-1.0590153680438346,2023,True
2024-09-23,2024,9,212,47.42374007806178,48.75112160009655,-1.3273815220347651,2023,True
2025-06-06,2025,6,207,46.604539456959586,48.956647734123855,-2.3521082771642705,2023,True
2025-06-14,2025,6,215,48.849006543717195,51.553929001642196,-2.7049224579249973,2023,True
2025-06-22,2025,6,218,48.126642684405795,50.30939763692789,-2.182754952522096,2023,True
2025-06-30,2025,6,217,49.369921491566295,51.838522276045516,-2.4686007844792246,2023,True
2025-07-08,2025,7,219,45.453319711490735,47.45840169526436,-2.005081983773618,2023,True
2025-07-16,2025,7,219,52.36334081792671,54.91323275395343,-2.549891936026724,2023,True
2025-07-24,2025,7,225,49.27791789151829,51.2945937072729,-2.016675815754612,2023,True
2025-08-09,2025,8,222,50.41305218823644,52.87076078931739,-2.457708601080946,2023,True
2025-08-25,2025,8,226,49.50221103123627,52.57616939152685,-3.073958360290577,2023,True
2025-09-02,2025,9,216,47.210392637515454,49.381194631721186,-2.170801994205734,2023,True
2025-09-10,2025,9,219,48.32973005395069,50.50536262351036,-2.1756325695596708,2023,True
2025-09-18,2025,9,218,45.314702542533155,47.40281581171667,-2.0881132691835216,2023,True
2025-09-26,2025,9,224,44.14967974617118,46.678490154509895,-2.5288104083387095,2023,True
