date,eligible_target_cells,eligible_control_cells,matched_pairs,matched_target_share
2021-06-11,375,392,40,0.10666666666666667
2021-06-27,381,406,38,0.09973753280839895
2021-07-13,381,410,38,0.09973753280839895
2021-07-29,381,410,37,0.09711286089238845
2021-08-14,381,414,38,0.09973753280839895
2021-08-30,381,414,38,0.09973753280839895
2021-09-15,381,407,37,0.09711286089238845
2022-06-22,381,412,187,0.49081364829396323
2022-06-30,380,409,195,0.5131578947368421
2022-08-09,384,414,186,0.484375
2022-09-02,376,409,168,0.44680851063829785
2022-09-10,384,414,186,0.484375
2022-09-18,381,409,180,0.47244094488188976
2023-06-01,353,399,225,0.6373937677053825
2023-06-09,376,406,233,0.6196808510638298
2023-06-17,361,394,225,0.6232686980609419
2023-06-25,373,408,229,0.613941018766756
2023-07-03,371,401,230,0.6199460916442049
2023-07-11,377,412,213,0.5649867374005305
2023-07-19,375,410,222,0.592
2023-08-04,378,409,221,0.5846560846560847
2023-08-12,378,414,214,0.5661375661375662
2023-08-20,379,414,213,0.5620052770448549
2023-08-28,376,410,232,0.6170212765957447
2023-09-05,379,414,211,0.5567282321899736
2023-09-13,379,406,217,0.5725593667546174
2023-09-21,378,411,220,0.582010582010582
2023-09-29,368,411,214,0.5815217391304348
2024-06-03,362,381,224,0.6187845303867403
2024-06-11,376,408,211,0.5611702127659575
2024-06-19,379,398,243,0.6411609498680739
2024-06-27,374,407,214,0.5721925133689839
2024-07-13,379,414,217,0.5725593667546174
2024-07-21,377,408,210,0.5570291777188329
2024-07-29,379,414,217,0.5725593667546174
2024-08-14,377,414,218,0.5782493368700266
2024-08-22,76,0,0,0.0
2024-08-30,377,414,216,0.5729442970822282
2024-09-23,376,407,212,0.5638297872340425
2025-06-06,370,404,207,0.5594594594594594
2025-06-14,376,414,215,0.5718085106382979
2025-06-22,376,411,218,0.5797872340425532
2025-06-30,374,413,217,0.5802139037433155
2025-07-08,376,414,219,0.5824468085106383
2025-07-16,373,412,219,0.5871313672922251
2025-07-24,376,412,225,0.598404255319149
2025-08-09,376,414,222,0.5904255319148937
2025-08-25,373,411,226,0.6058981233243967
2025-09-02,375,414,216,0.576
2025-09-10,376,407,219,0.5824468085106383
2025-09-18,377,413,218,0.5782493368700266
2025-09-26,367,409,224,0.6103542234332425
