date,feature,before_smd,after_smd,mean_absolute_pair_difference,max_absolute_pair_difference,caliper
2021-06-11,built,-2.663436448213538,-0.033667717501163465,0.009401709532651764,0.1538461555655186,0.2
2021-06-11,bare,2.663610163954251,0.03366830852040045,0.009401709237135947,0.1538461521267891,0.2
2021-06-11,vegetation,-0.07151985398521514,0.0,0.0,0.0,0.15
2021-06-11,density,-3.288516415812586,-0.3231783797420027,0.07130911379130199,0.18673106844653375,0.2
2021-06-11,ndvi,-1.1650659719652083,-0.1194184036470263,0.014835465930935529,0.05253396416082978,0.1
2021-06-11,ndbi,0.01751732852749968,-0.743882463105237,0.0285731172233121,0.093101979495259,0.12
2021-06-11,brightness,1.488707989174432,0.2714274462531807,0.06405658128579239,0.09882383793592453,0.1
2021-06-11,coast_km,-1.0794041788350581,-0.340881701196279,0.13474617951151893,0.199175642534621,0.2
2021-06-27,built,-2.7210321184475195,-0.03383456038582598,0.00934829071978567,0.1538461555655186,0.2
2021-06-27,bare,2.7212080255242266,0.033835207206347924,0.009348290457733367,0.1538461521267891,0.2
2021-06-27,vegetation,-0.07027283689263066,0.0,0.0,0.0,0.15
2021-06-27,density,-3.34948788196993,-0.31691297529986223,0.06925435275325036,0.18673106844653375,0.2
2021-06-27,ndvi,-1.01478705514329,0.13558157876710616,0.013901898324780376,0.03435076610185206,0.1
2021-06-27,ndbi,0.25691114680410043,-0.9052196772142663,0.023432313837354366,0.07262931458535604,0.12
2021-06-27,brightness,1.4438069345789242,0.27768780783904884,0.04792219956227887,0.09840654102819307,0.1
2021-06-27,coast_km,-1.3460890470997062,-0.20222242045187155,0.13016897743156264,0.19743556965969777,0.2
2021-07-13,built,-2.7378274808994765,-0.031811432997698987,0.00876349539379118,0.13162393317772791,0.2
2021-07-13,bare,2.7380041354985707,0.03181205601182672,0.008763495170952458,0.13162393122911453,0.2
2021-07-13,vegetation,-0.06992836012750656,0.0,0.0,0.0,0.15
2021-07-13,density,-3.367638537246896,-0.31590608468133685,0.06885597357175703,0.18673106844653375,0.2
2021-07-13,ndvi,-0.9167049892606659,0.31546572171160076,0.020340954581680604,0.09424816397950053,0.1
2021-07-13,ndbi,0.26817028880381544,-0.9249914385146079,0.02319389973865435,0.07248728909326019,0.12
2021-07-13,brightness,1.4221338337530773,0.32277655015325396,0.05232229363859125,0.09959340973624159,0.1
2021-07-13,coast_km,-1.407633987043091,-0.29566975945195706,0.12619938310221587,0.1986963184958685,0.2
2021-07-29,built,-2.7615728466832543,-0.03286170822529615,0.0090003466206504,0.1538461555655186,0.2
2021-07-29,bare,2.7617526462523694,0.03286237515928341,0.00900034639178901,0.1538461521267891,0.2
2021-07-29,vegetation,-0.06992836012750656,0.0,0.0,0.0,0.15
2021-07-29,density,-3.388422693185906,-0.31769720558313314,0.06955030468653035,0.1897106917167548,0.2
2021-07-29,ndvi,-0.9702887836485273,0.2834198817595309,0.023054472836297926,0.09433548879594757,0.1
2021-07-29,ndbi,-0.17203551735912415,-0.8126642472549013,0.0263669064313317,0.0874944632378174,0.12
2021-07-29,brightness,1.4610978283585914,0.18808230527244038,0.0489954979574488,0.09971500560641289,0.1
2021-07-29,coast_km,-1.353440103428372,-0.11062601302296117,0.14156103555864719,0.19845318162751313,0.2
2021-08-14,built,-2.7577784407828165,-0.0340876020964372,0.00934829071978567,0.1538461555655186,0.2
2021-08-14,bare,2.7579560896613695,0.03408828493612415,0.009348290457733367,0.1538461521267891,0.2
2021-08-14,vegetation,-0.06958890006392213,0.0,0.0,0.0,0.15
2021-08-14,density,-3.3787311498026535,-0.31762927511645295,0.06902583195392346,0.18673106844653375,0.2
2021-08-14,ndvi,-0.6544974135488822,0.41314595265726817,0.021017098076942214,0.08372010325010006,0.1
2021-08-14,ndbi,0.23541126112810384,-0.8601538726274656,0.022115172771852317,0.06992089233608567,0.12
2021-08-14,brightness,1.4622054170699816,0.2786694942994097,0.04593122128392917,0.09768817108124495,0.1
2021-08-14,coast_km,-1.4483790619788888,-0.29470829860503067,0.13533417414825297,0.19972425333200086,0.2
2021-08-30,built,-2.7577784407828165,-0.0340876020964372,0.00934829071978567,0.1538461555655186,0.2
2021-08-30,bare,2.7579560896613695,0.03408828493612415,0.009348290457733367,0.1538461521267891,0.2
2021-08-30,vegetation,-0.06958890006392213,0.0,0.0,0.0,0.15
2021-08-30,density,-3.3787313264328396,-0.31940717029711035,0.06941219651572662,0.18673106844653375,0.2
2021-08-30,ndvi,-0.6308169094252968,0.39437298905759155,0.022050043092550414,0.09891637104252973,0.1
2021-08-30,ndbi,0.02828057557903728,-0.6242329713088282,0.021887282174332084,0.0651909631997114,0.12
2021-08-30,brightness,1.3911600383878069,0.2031592487931472,0.0452102283464182,0.09877098351716995,0.1
2021-08-30,coast_km,-1.4497829388565686,-0.3196019423557622,0.1294890920063668,0.19880225825046488,0.2
2021-09-15,built,-2.725240537382771,-0.03477457837847966,0.009600947225725825,0.1538461555655186,0.2
2021-09-15,bare,2.72541663169332,0.034775247252358546,0.009600946956591026,0.1538461521267891,0.2
2021-09-15,vegetation,-0.07018624063435963,0.0,0.0,0.0,0.15
2021-09-15,density,-3.3551590893936014,-0.312623566013448,0.06821505940023374,0.18673106844653375,0.2
2021-09-15,ndvi,-1.057473068261104,-0.01435128028376685,0.030526933057064783,0.08392101194088658,0.1
2021-09-15,ndbi,-0.4111839269412882,-0.8481525979779514,0.036271322629027665,0.1150659289851319,0.12
2021-09-15,brightness,1.5087996061478948,-0.03569371114836233,0.04427822806283539,0.09276308957487345,0.1
2021-09-15,coast_km,-1.3837938060642019,-0.1340727020780241,0.13345561847338389,0.1991240507927599,0.2
2022-06-22,built,-1.0183365802068105,-0.00527680912004639,0.030569947378263726,0.194444443564862,0.2
2022-06-22,bare,1.0195000561396805,0.005275906068357498,0.030569947570382415,0.1944444477558136,0.2
2022-06-22,vegetation,-0.09747733157528518,0.0,0.0,0.0,0.15
2022-06-22,density,-1.2105017968270397,-0.12468941179502925,0.06522153459696453,0.199669998139143,0.2
2022-06-22,ndvi,-0.9849169613925701,-0.32845623948651176,0.020010482262874905,0.08877231489944583,0.1
2022-06-22,ndbi,0.37076061040128744,-0.31282830844737297,0.01814061782548232,0.07448557010114504,0.12
2022-06-22,brightness,1.367703519201537,0.28932896177818634,0.03380441420843164,0.09972876403480768,0.1
2022-06-22,coast_km,-1.382530341685398,-0.21602372159465125,0.08032605041749173,0.19976110666471153,0.2
2022-06-30,built,-1.0181075912495208,-0.006682536891746769,0.03222008270180465,0.194444443564862,0.2
2022-06-30,bare,1.0192765966722386,0.006681365842910853,0.03222008289948261,0.19444444542750716,0.2
2022-06-30,vegetation,-0.09783587943585811,0.0,0.0,0.0,0.15
2022-06-30,density,-1.2102579276025704,-0.11912677695951616,0.06676083645236858,0.199669998139143,0.2
2022-06-30,ndvi,-1.1035072911196822,-0.5144878042987888,0.019641923384270815,0.08687820134994885,0.1
2022-06-30,ndbi,0.4021147084901132,-0.2899565790366134,0.017316538133674467,0.07097508525572872,0.12
2022-06-30,brightness,1.3569516459295565,0.3931021239468828,0.03217076244424198,0.09998792463115286,0.1
2022-06-30,coast_km,-1.2781252432756602,-0.2042012885942829,0.07301279169816462,0.19975967205994688,0.2
2022-08-09,built,-1.0290970903215293,-0.008396315542467891,0.030126974148971603,0.19444444635882974,0.2
2022-08-09,bare,1.0302564471363884,0.008394894874720076,0.030126974341956284,0.1944444477558136,0.2
2022-08-09,vegetation,-0.09724047814134952,0.0,0.0,0.0,0.15
2022-08-09,density,-1.2220022676163051,-0.13358129252530573,0.06816574442171405,0.19980296748690307,0.2
2022-08-09,ndvi,-0.4071795543068217,0.27339612268330216,0.02626810824648635,0.09856194094754755,0.1
2022-08-09,ndbi,0.5709592256796375,0.14587967696117007,0.018127679115160826,0.07366525661200285,0.12
2022-08-09,brightness,1.1553068356582428,0.10081649040631221,0.031344052146988696,0.09969566948711872,0.1
2022-08-09,coast_km,-1.4415988136736853,-0.21682341266475375,0.08136272791820637,0.19976110666471153,0.2
2022-09-02,built,-1.0591422786110785,0.005894796015256728,0.029065431288576547,0.1944444440305233,0.2
2022-09-02,bare,1.0603147733563345,-0.005893771974585856,0.02906543138489688,0.1944444477558136,0.2
2022-09-02,vegetation,-0.09783587943585811,0.0,0.0,0.0,0.15
2022-09-02,density,-1.2578305982081806,-0.11518321125371435,0.06580729174907425,0.19973088428378105,0.2
2022-09-02,ndvi,-0.5285288084741375,0.3644112606499218,0.030794511708533628,0.09890331514179707,0.1
2022-09-02,ndbi,0.15646690331677365,0.1712770045432973,0.018782550313773433,0.0749233984388411,0.12
2022-09-02,brightness,1.258157777438123,0.012986541197864283,0.033185984788063866,0.09657528065145016,0.1
2022-09-02,coast_km,-1.5512026237319567,-0.26678224503404013,0.08207135613852894,0.19740866100527354,0.2
2022-09-10,built,-1.0290970903215293,-0.001635521730660327,0.030991029472115725,0.19444444635882974,0.2
2022-09-10,bare,1.0302564471363884,0.0016352467397591538,0.030991029652940278,0.1944444477558136,0.2
2022-09-10,vegetation,-0.09724047814134952,0.0,0.0,0.0,0.15
2022-09-10,density,-1.2220022676163051,-0.11530701958479395,0.06653423950655772,0.19980296748690307,0.2
2022-09-10,ndvi,-0.4708702709569049,0.40837961122673067,0.030764316693439236,0.09478876041248441,0.1
2022-09-10,ndbi,0.3555735011086211,0.3272250797262707,0.022216604451449042,0.08025835454463959,0.12
2022-09-10,brightness,1.1310332579853093,-0.03340399006994233,0.028490671676871655,0.09747805818915367,0.1
2022-09-10,coast_km,-1.4405667852679007,-0.2684583764256352,0.08673901547732372,0.19916663582030625,0.2
2022-09-18,built,-1.026261234507864,0.0018916194358797403,0.027285052874746422,0.1944444440305233,0.2
2022-09-18,bare,1.0274336617841735,-0.001891293456367035,0.027285053009886744,0.1944444477558136,0.2
2022-09-18,vegetation,-0.09783587943585811,0.0,0.0,0.0,0.15
2022-09-18,density,-1.2248635527182483,-0.11824097851784747,0.06472667994995811,0.1979046545457095,0.2
2022-09-18,ndvi,-1.0579597537426257,-0.3607186073925324,0.021594826165790476,0.08743423619307578,0.1
2022-09-18,ndbi,0.043644300460049135,-0.4799553575965423,0.021345012814329677,0.0831983086100081,0.12
2022-09-18,brightness,1.486661591119126,0.2953974638544206,0.038127048290787606,0.09789098612964153,0.1
2022-09-18,coast_km,-1.4297868309337916,-0.2225528920852365,0.07835216283366173,0.19782031460677268,0.2
2023-06-01,built,-0.7501732785458248,-0.02579406927704729,0.021966874631965515,0.1805555559694767,0.2
2023-06-01,bare,0.7510896416372917,0.024783088968491754,0.022213788371519508,0.1805555555038154,0.2
2023-06-01,vegetation,-0.02385915521164705,0.04601610754258642,0.000617283961425225,0.11805555783212185,0.15
2023-06-01,density,-0.9086589656769056,-0.1233772847554775,0.07203166398928128,0.19836119562387466,0.2
2023-06-01,ndvi,-0.9098334966701324,-0.4248039293767973,0.022142814013928664,0.08888123533688486,0.1
2023-06-01,ndbi,0.44130938525965907,-0.018071510825413487,0.01716347879855125,0.061529569065896794,0.12
2023-06-01,brightness,1.1780253861923413,0.47263181449394975,0.030532482286885612,0.09950606285461355,0.1
2023-06-01,coast_km,-1.2017746866686956,-0.3319416964295862,0.07406683601507655,0.19883837411272,0.2
2023-06-09,built,-0.6689112664549358,-0.028643663322121198,0.02023582430196678,0.19861111277714372,0.2
2023-06-09,bare,0.6698046874696986,0.027464677503355982,0.020742500637121755,0.19861111113180718,0.2
2023-06-09,vegetation,-0.026020162221508873,0.05472287681687834,0.0005066762138717676,0.11805555783212185,0.15
2023-06-09,density,-0.8348087174515534,-0.13825859668976484,0.07322141235661679,0.19937041401863098,0.2
2023-06-09,ndvi,-0.8508040851782392,-0.3252667461806089,0.021202901056064063,0.08869720110669732,0.1
2023-06-09,ndbi,0.48822223298891526,0.12911737505358323,0.017081349123784187,0.08433102740673348,0.12
2023-06-09,brightness,1.024859442972412,0.34331785903203166,0.031639809584369745,0.09971071500331163,0.1
2023-06-09,coast_km,-1.2685970833539286,-0.26724949316609076,0.07610674110672443,0.19776844919320546,0.2
2023-06-17,built,-0.6981106551756247,-0.02247429060382561,0.023470876756408104,0.1875000004656613,0.2
2023-06-17,bare,0.6990077171499336,0.02103565931381393,0.024088160851487406,0.1875,0.2
2023-06-17,vegetation,-0.025859388918348887,0.06559808229222207,0.000617283961425225,0.11805555783212185,0.15
2023-06-17,density,-0.8790081308438233,-0.14295308152338013,0.07699408343359633,0.1989859715104103,0.2
2023-06-17,ndvi,-0.7863978483726759,-0.32237631125069505,0.021281294021177854,0.08249286119826138,0.1
2023-06-17,ndbi,0.3401070776068794,-0.037328385069915156,0.016845171109792348,0.07662297304098804,0.12
2023-06-17,brightness,1.206487564488146,0.42503719919391775,0.03734396152623456,0.09876626078039408,0.1
2023-06-17,coast_km,-1.1167325737954445,-0.28105618831559837,0.0719739593632244,0.199051112471115,0.2
2023-06-25,built,-0.6626400435263692,-0.029407104241534986,0.01982249704811836,0.18750000093132257,0.2
2023-06-25,bare,0.6635228338997603,0.029421807438596546,0.019822497219741997,0.1875000004656613,0.2
2023-06-25,vegetation,-0.02529658161209388,0.0,0.0,0.0,0.15
2023-06-25,density,-0.8302493373036187,-0.12737558434652863,0.07583745339172739,0.19937041401863098,0.2
2023-06-25,ndvi,-0.66114637287225,-0.19249374465220745,0.022495594371012926,0.09411898232841243,0.1
2023-06-25,ndbi,0.3468952094667038,0.08015703193404533,0.018100968326771934,0.07614796646521427,0.12
2023-06-25,brightness,1.1107370988188923,0.3653836175415834,0.03601220248772722,0.09999999419236794,0.1
2023-06-25,coast_km,-1.2950674482576643,-0.29001445306028073,0.08069312624341686,0.19967200642240934,0.2
2023-07-03,built,-0.6744006907219863,-0.02789714472585247,0.020046871314635097,0.1875000004656613,0.2
2023-07-03,bare,0.6752966808101731,0.02791054174976406,0.020046871407131045,0.1875,0.2
2023-07-03,vegetation,-0.02613151438164632,0.0,0.0,0.0,0.15
2023-07-03,density,-0.8267530327018565,-0.11459675879823764,0.07120635762221594,0.19925027713179588,0.2
2023-07-03,ndvi,-0.6173677878269462,-0.18934553661391518,0.02393291095409033,0.09628729242831469,0.1
2023-07-03,ndbi,0.31447921538731916,0.06148884841307371,0.017602435006648216,0.06861035473411903,0.12
2023-07-03,brightness,1.159186616255298,0.37804892297850734,0.0353059795375428,0.09925910457968712,0.1
2023-07-03,coast_km,-1.0859162389556865,-0.24801050250005557,0.07049644513136377,0.19772692738186237,0.2
2023-07-11,built,-0.6763229026315245,-0.03418906707259323,0.01940097364601395,0.1875000004656613,0.2
2023-07-11,bare,0.6772009044361877,0.03420578965126806,0.019400973752700668,0.1875,0.2
2023-07-11,vegetation,-0.025219456493117458,0.0,0.0,0.0,0.15
2023-07-11,density,-0.8418616083359045,-0.15591555625593922,0.07589585404563742,0.19937041401863098,0.2
2023-07-11,ndvi,-0.6412190675848426,-0.1916376457964467,0.021580377712195554,0.0873040456790477,0.1
2023-07-11,ndbi,0.41874592121889864,0.162694155740552,0.018237300921341505,0.061991189380933065,0.12
2023-07-11,brightness,1.1274434329461622,0.26616525267476665,0.03188772070028593,0.09978675656020641,0.1
2023-07-11,coast_km,-1.3873774420308917,-0.24860685513349667,0.07568728426624975,0.19999440257093032,0.2
2023-07-19,built,-0.6718204607672861,-0.027694196413347076,0.020134717917388623,0.18750000093132257,0.2
2023-07-19,bare,0.6727035413758715,0.02645408245606802,0.020666499863387092,0.1875,0.2
2023-07-19,vegetation,-0.02525797176348606,0.057631491836409345,0.0005317817920365849,0.11805555783212185,0.15
2023-07-19,density,-0.8355995475700625,-0.1409227386806667,0.07579830283138579,0.19971027012382236,0.2
2023-07-19,ndvi,-0.7824382036143268,-0.22252439228615034,0.022561786305552063,0.0861849698703736,0.1
2023-07-19,ndbi,0.38169437800358175,0.1162009326510226,0.017522462935593997,0.09233533998485655,0.12
2023-07-19,brightness,1.1010669749540318,0.3075523708687472,0.03110822391361062,0.0964644169434905,0.1
2023-07-19,coast_km,-1.3235000810840647,-0.26625094498914126,0.07271734956474872,0.19891082444245822,0.2
2023-08-04,built,-0.6685858255487717,-0.020293374898216466,0.018382951452187508,0.19444444682449102,0.2
2023-08-04,bare,0.6694709077059682,0.018527731954078547,0.01913709929863108,0.19444444170221686,0.2
2023-08-04,vegetation,-0.025819795331982556,0.08173035284373939,0.00075414782701844,0.11805555783212185,0.15
2023-08-04,density,-0.8385544325326044,-0.1593715227146039,0.0785267831588914,0.19802479073405266,0.2
2023-08-04,ndvi,-0.8609525359830907,-0.3900913108837586,0.024935633077559635,0.08945157215930521,0.1
2023-08-04,ndbi,0.13639344519604144,-0.10630549305779623,0.01801940323321996,0.09873717500431667,0.12
2023-08-04,brightness,1.1750150096688545,0.3430972606960389,0.03500329666631249,0.09935234300792217,0.1
2023-08-04,coast_km,-1.3412126516292229,-0.243240488090202,0.07706903205569332,0.19878360303832815,0.2
2023-08-12,built,-0.6756114839054422,-0.03439997726779273,0.0211491864643167,0.18935184922690196,0.2
2023-08-12,bare,0.676486395420144,0.03311593777078079,0.021700848038438882,0.18935185226922235,0.2
2023-08-12,vegetation,-0.025046559809509497,0.06006346712787598,0.0005516614851968311,0.11805555783212185,0.15
2023-08-12,density,-0.8404630070831154,-0.15894269759469384,0.07425887259017858,0.19848135486245155,0.2
2023-08-12,ndvi,-1.1306700026461598,-0.48073827591628593,0.02795780663662902,0.09426665026694536,0.1
2023-08-12,ndbi,0.16650453517251237,-0.0702040516378137,0.016975348332780214,0.05857753772579599,0.12
2023-08-12,brightness,1.24068018063402,0.3524814121834937,0.03365854351791798,0.0989939896389842,0.1
2023-08-12,coast_km,-1.4500582298905298,-0.2974672874849665,0.085742629811997,0.19999440257093032,0.2
2023-08-20,built,-0.6789731881354321,-0.03604606401549116,0.020053034144597994,0.18749999860301614,0.2
2023-08-20,bare,0.6798503242418946,0.036063685214540245,0.020053034319348503,0.18750000139698386,0.2
2023-08-20,vegetation,-0.025181037154502265,0.0,0.0,0.0,0.15
2023-08-20,density,-0.8437646629532821,-0.14618668864914583,0.07453020136024137,0.1989859715104103,0.2
2023-08-20,ndvi,-0.7842384729306587,0.029798864351550478,0.02781533979968317,0.092054313281551,0.1
2023-08-20,ndbi,0.31143760444380586,0.26862026542510026,0.016615335168954973,0.066196841726196,0.12
2023-08-20,brightness,1.1146116114382387,0.21403861761631926,0.02750896782546526,0.09984907228499651,0.1
2023-08-20,coast_km,-1.4478177070205338,-0.27112938161081757,0.08352078196876146,0.198943621325457,0.2
2023-08-28,built,-0.6761915602393234,-0.028450550062364632,0.019350084292584623,0.1875000004656613,0.2
2023-08-28,bare,0.6770721587894162,0.02846438271246456,0.019350084414447955,0.1875,0.2
2023-08-28,vegetation,-0.025394004534927784,0.0,0.0,0.0,0.15
2023-08-28,density,-0.8425234282826557,-0.13615662720758115,0.07841594095554012,0.19836119562387466,0.2
2023-08-28,ndvi,-0.7046492232829091,-0.3061952262276124,0.021637613250946076,0.07547058654017746,0.1
2023-08-28,ndbi,0.1875458208579738,-0.14235055677824573,0.016916218299279723,0.06452592785990419,0.12
2023-08-28,brightness,1.2394611897721193,0.4609569753149089,0.03857053803498269,0.09838855639100075,0.1
2023-08-28,coast_km,-1.2817139805359214,-0.30278506833061597,0.08254870369400788,0.19999440257093032,0.2
2023-09-05,built,-0.6789731881354321,-0.03227627080278791,0.01882789173776999,0.180555556435138,0.2
2023-09-05,bare,0.6798503242418946,0.03229204899284208,0.018827891907556127,0.180555559694767,0.2
2023-09-05,vegetation,-0.025181037154502265,0.0,0.0,0.0,0.15
2023-09-05,density,-0.8437646629532821,-0.15501808484789845,0.0722754804646212,0.19836119562387466,0.2
2023-09-05,ndvi,-0.8401041851363347,-0.03904892923303793,0.026484064544776007,0.09207708954012819,0.1
2023-09-05,ndbi,-0.10993342304925746,0.03362184209723197,0.02329625346569809,0.07865588029380888,0.12
2023-09-05,brightness,1.1124733606866986,0.21739297914860992,0.029897931922166228,0.09956762194633484,0.1
2023-09-05,coast_km,-1.4460279989231475,-0.26695348182868545,0.08067978081279455,0.19999440257093032,0.2
2023-09-13,built,-0.6673400359855536,-0.03617412055259708,0.02025089596216488,0.1875000004656613,0.2
2023-09-13,bare,0.6682337897318608,0.03566449042241951,0.020474910485585394,0.1875,0.2
2023-09-13,vegetation,-0.026423448558351204,0.024216669142354482,0.00022401434073250414,0.027777778450399637,0.15
2023-09-13,density,-0.8308056954637242,-0.1559638840671973,0.07375713815911457,0.19937041401863098,0.2
2023-09-13,ndvi,-0.3162052866455903,0.332308763428229,0.03379129711663731,0.09808235289528966,0.1
2023-09-13,ndbi,0.5165037363077932,0.7776714106648327,0.023520642026852393,0.07718187052523717,0.12
2023-09-13,brightness,0.830704937436949,-0.01171296852787541,0.030901926362778578,0.09902724721929529,0.1
2023-09-13,coast_km,-1.171267933506181,-0.13018488351520124,0.08124129724429187,0.19999440257093032,0.2
2023-09-21,built,-0.6761829042942414,-0.026755535442262154,0.01861321536358446,0.1875000004656613,0.2
2023-09-21,bare,0.677069381132158,0.0264709879189937,0.01873947814403271,0.1875,0.2
2023-09-21,vegetation,-0.02550903747883798,0.01370912284632713,0.00012626262931999835,0.027777778450399637,0.15
2023-09-21,density,-0.8393600464646015,-0.13130801951479065,0.07277940069343646,0.19937041401863098,0.2
2023-09-21,ndvi,-0.766793501495629,0.07491703627975965,0.030058812965064227,0.09575288160704076,0.1
2023-09-21,ndbi,-0.31822597138421077,-0.002823658799931532,0.020827131645684758,0.07510964534594677,0.12
2023-09-21,brightness,1.2144689009066092,0.3252649864702036,0.0363738858283541,0.09993758145719767,0.1
2023-09-21,coast_km,-1.3329587655428548,-0.2546260481436541,0.08159864417315894,0.19891082444245822,0.2
2023-09-29,built,-0.6976203971446976,-0.033599544367973126,0.0221922676275372,0.1875000004656613,0.2
2023-09-29,bare,0.6984882153890405,0.032314475947244334,0.02274392932740913,0.1875,0.2
2023-09-29,vegetation,-0.02413159893984899,0.05970795939230071,0.0005516614851968311,0.11805555783212185,0.15
2023-09-29,density,-0.8634423712177403,-0.14597431462799337,0.0778387211066213,0.19836119562387466,0.2
2023-09-29,ndvi,-0.6252767496529001,-0.11197847236512279,0.022231743933224354,0.09641184937208891,0.1
2023-09-29,ndbi,0.23640950393470395,-0.1397424330059561,0.018750244260374402,0.07962704822421074,0.12
2023-09-29,brightness,1.24367167374726,0.4465471234956924,0.03867023907321776,0.09989118296653032,0.1
2023-09-29,coast_km,-1.473589522784939,-0.36692333148124395,0.09000549719514635,0.19999440257093032,0.2
2024-06-03,built,-0.68826852395904,-0.015575589236349996,0.02155555460772404,0.1875000004656613,0.2
2024-06-03,bare,0.6892061240371933,0.015292643626677848,0.021679562630055025,0.1875,0.2
2024-06-03,vegetation,-0.028196379660782606,0.013014367539312992,0.00012400793951071267,0.027777778450399637,0.15
2024-06-03,density,-0.873147224538937,-0.13647005989047417,0.07421018262509368,0.19925027713179588,0.2
2024-06-03,ndvi,-0.5400362049422673,-0.16507944831142135,0.02360193922955583,0.09670509863644838,0.1
2024-06-03,ndbi,0.3650973712079072,0.10037988937189729,0.018831846753858173,0.07206496290018549,0.12
2024-06-03,brightness,0.9408964015167227,0.225938367438839,0.03206291469789321,0.09938457980751991,0.1
2024-06-03,coast_km,-0.9257990137932491,-0.2312184892161951,0.06914819783205114,0.1973873087668896,0.2
2024-06-11,built,-0.6720666902955187,-0.03201378088424315,0.02077004076597918,0.1875000004656613,0.2
2024-06-11,bare,0.6729567263867309,0.03171936197666333,0.020901689214568763,0.1875000004656613,0.2
2024-06-11,vegetation,-0.025706088155769233,0.014245173094268168,0.00013164823910142008,0.027777778450399637,0.15
2024-06-11,density,-0.8423565218818018,-0.16654111325886037,0.07277910393106926,0.19836119562387466,0.2
2024-06-11,ndvi,-0.43367159801482935,-0.029009978224351567,0.02215086356849735,0.08922101347707212,0.1
2024-06-11,ndbi,0.3819016908839201,0.16311862020054518,0.01888556479441404,0.08220889628864825,0.12
2024-06-11,brightness,0.8916586388791786,0.13718013576572197,0.028732380094856607,0.09977172873914242,0.1
2024-06-11,coast_km,-1.4474998409565991,-0.2549893052881959,0.07622134824485961,0.19999440257093032,0.2
2024-06-19,built,-0.6986478090907479,-0.02335722538063905,0.0216712852041267,0.18750000186264515,0.2
2024-06-19,bare,0.6996124965730174,0.023572075195874235,0.021699863209343986,0.18750000232830644,0.2
2024-06-19,vegetation,-0.027698017781643464,-0.0091976728914985,8.573388266894553e-05,0.013888888992369175,0.15
2024-06-19,density,-0.8629943529540806,-0.12454228472876497,0.06626539410606774,0.19971027012382236,0.2
2024-06-19,ndvi,-0.40820928352452124,0.008823135323285974,0.026012376081449705,0.09968721313634887,0.1
2024-06-19,ndbi,0.3027546015564896,0.028213924397095278,0.018877659005775642,0.09346960863331333,0.12
2024-06-19,brightness,0.8672740031752698,0.22376535728972322,0.027897130737576208,0.09716223180294037,0.1
2024-06-19,coast_km,-1.0877467689782163,-0.2187337515688368,0.06506569369904863,0.19903500189571768,0.2
2024-06-27,built,-0.6716270534118538,-0.02518946896711249,0.01699117328710506,0.1874999962747097,0.2
2024-06-27,bare,0.6725162906274315,0.025201888131602814,0.016991173466841612,0.1875000004656613,0.2
2024-06-27,vegetation,-0.02559068419583008,0.0,0.0,0.0,0.15
2024-06-27,density,-0.8417098996475036,-0.14791939978694368,0.07540158482335842,0.1967272162437439,0.2
2024-06-27,ndvi,-0.4986663218301299,-0.08253294115610044,0.020659526462149077,0.09303752332925797,0.1
2024-06-27,ndbi,0.3307420650209687,0.05639588684537911,0.018132387708014282,0.10632782829270582,0.12
2024-06-27,brightness,0.8555636042564138,0.1278658441658203,0.028778969694310527,0.09982402131452667,0.1
2024-06-27,coast_km,-1.358278517544983,-0.21717638047738944,0.07305715507381588,0.19976630158787906,0.2
2024-07-13,built,-0.6789731881354321,-0.03455189227688555,0.021443505603219233,0.180555556435138,0.2
2024-07-13,bare,0.6798503242418946,0.03426691618587648,0.021571513931746215,0.180555559694767,0.2
2024-07-13,vegetation,-0.025181037154502265,0.013941524775502034,0.00012800819562396146,0.027777778450399637,0.15
2024-07-13,density,-0.8437646629532821,-0.1625799179990607,0.07680923789192416,0.19848135486245155,0.2
2024-07-13,ndvi,-0.515542776762979,-0.21413712929957093,0.02484577577068852,0.09376156027428806,0.1
2024-07-13,ndbi,0.22225760355249025,-0.03324767526858859,0.018123153264675958,0.10199790372280404,0.12
2024-07-13,brightness,0.7435013554562037,0.04513992222207553,0.02748446938710692,0.09853679873049259,0.1
2024-07-13,coast_km,-1.4425773174010652,-0.2759211322468553,0.08184069985101226,0.19878360303832815,0.2
2024-07-21,built,-0.6813697515724316,-0.026557647426290194,0.019347781705032117,0.1875000004656613,0.2
2024-07-21,bare,0.6822627631521926,0.026258926167973033,0.019480057077605157,0.1875000004656613,0.2
2024-07-21,vegetation,-0.025841316039244708,0.014317441303894507,0.0001322751354780935,0.027777778450399637,0.15
2024-07-21,density,-0.8519064415267383,-0.15776474653833356,0.0781515909341106,0.19965878774722412,0.2
2024-07-21,ndvi,-0.6391758317956572,-0.28956842244516884,0.02391184776164397,0.0901826000617196,0.1
2024-07-21,ndbi,0.08535288495527171,-0.1615253884090859,0.020598422015797715,0.09038085758220404,0.12
2024-07-21,brightness,0.9292305399174717,0.20136840519158622,0.02871475513911756,0.09955903608351946,0.1
2024-07-21,coast_km,-1.4066637736600975,-0.22921762902738416,0.07111232888635281,0.19816689962542627,0.2
2024-07-29,built,-0.6789731881354321,-0.0345518923375811,0.02144350562038647,0.180555556435138,0.2
2024-07-29,bare,0.6798503242418946,0.03426691619093696,0.0215715139253085,0.180555559694767,0.2
2024-07-29,vegetation,-0.025181037154502265,0.013941524775502034,0.00012800819562396146,0.027777778450399637,0.15
2024-07-29,density,-0.8437646629532821,-0.1578621279550983,0.07480440356146606,0.19836119562387466,0.2
2024-07-29,ndvi,-0.7768975755168902,-0.26119235218864323,0.022658349971710623,0.07883711370567864,0.1
2024-07-29,ndbi,0.03966160277024737,-0.12347270615330555,0.01771061491299199,0.10500266327289864,0.12
2024-07-29,brightness,0.7933680978039747,0.08347512542543563,0.028227655935462618,0.09846504591405392,0.1
2024-07-29,coast_km,-1.4454219498546932,-0.27522088617727203,0.0821161858094472,0.19688674910618112,0.2
2024-08-14,built,-0.6720923794152963,-0.037358068460165136,0.022347846156644754,0.1880341859964224,0.2
2024-08-14,bare,0.6729649490714545,0.03707608037395105,0.022475267330143392,0.18803418828890875,0.2
2024-08-14,vegetation,-0.024911455758750815,0.013868942811231261,0.0001274210020660534,0.027777778450399637,0.15
2024-08-14,density,-0.8372843365912552,-0.15779356419377596,0.07649056876328716,0.19848135486245155,0.2
2024-08-14,ndvi,-0.22197314871233717,0.13040469634134808,0.023916733908899587,0.09712195886919897,0.1
2024-08-14,ndbi,0.3826295577833696,0.1418293622386606,0.016722476720175253,0.08607940666843206,0.12
2024-08-14,brightness,0.8109912412215583,0.10850281530968488,0.029449231416528717,0.09990649546186131,0.1
2024-08-14,coast_km,-1.4625193104276986,-0.2880726516191024,0.08374784998340638,0.19999440257093032,0.2
2024-08-30,built,-0.6817273286022677,-0.03287160473264498,0.020706875833113574,0.18055555503815413,0.2
2024-08-30,bare,0.6826002655563322,0.0323573237574428,0.02093192734611853,0.180555556435138,0.2
2024-08-30,vegetation,-0.024911455758750815,0.02449537798366475,0.0002250514441618213,0.027777778450399637,0.15
2024-08-30,density,-0.8455391990522847,-0.1479440833855653,0.0745786324511411,0.19836119562387466,0.2
2024-08-30,ndvi,-0.5420997588978343,0.00032878179088654917,0.027603404442734188,0.09642234491184354,0.1
2024-08-30,ndbi,-0.043973493480540075,-0.10332364996178703,0.02036225485117486,0.09336528473068029,0.12
2024-08-30,brightness,0.9479077316425032,0.18160474678530758,0.03167703657406554,0.09939058683812618,0.1
2024-08-30,coast_km,-1.4861994069153883,-0.3235112204196086,0.0889363505782576,0.19999440257093032,0.2
2024-09-23,built,-0.6655250271817835,-0.026994527306428612,0.018223707095292283,0.18935184922690196,0.2
2024-09-23,bare,0.6664109722868057,0.02669926037174293,0.018354734544255683,0.18935185226922235,0.2
2024-09-23,vegetation,-0.025862874987371644,0.014164713800305269,0.00013102725684150773,0.027777778450399637,0.15
2024-09-23,density,-0.8287012987375569,-0.14624697221722474,0.07380792691210238,0.19971027012382236,0.2
2024-09-23,ndvi,-0.4898747466435393,-0.10134821570439648,0.024705282658695444,0.09727417817339301,0.1
2024-09-23,ndbi,0.22036370353908516,-0.03571659027414748,0.01836892252805581,0.0656406454363605,0.12
2024-09-23,brightness,1.0076124960031627,0.24284726368295947,0.034136377698993206,0.0997137175872922,0.1
2024-09-23,coast_km,-1.4123552705368367,-0.2521677332595074,0.08279359729125277,0.19999440257093032,0.2
2025-06-06,built,-0.6796005845582275,-0.021862733477034685,0.018484675509848923,0.1875000004656613,0.2
2025-06-06,bare,0.6804835844673948,0.021557637415045957,0.018618867823851155,0.1875,0.2
2025-06-06,vegetation,-0.025513491197046944,0.014438829244897911,0.00013419216642705139,0.027777778450399637,0.15
2025-06-06,density,-0.8540033570536804,-0.14933406785309924,0.07894606797389357,0.19836119562387466,0.2
2025-06-06,ndvi,-0.795805087902986,-0.31536604389471773,0.02127973095933997,0.08408574871897984,0.1
2025-06-06,ndbi,0.18925157580291135,-0.09491496103082493,0.018834918962583935,0.10708456152497092,0.12
2025-06-06,brightness,0.9588205266392119,0.15733492516510364,0.030108504430064333,0.09591382713272023,0.1
2025-06-06,coast_km,-1.4411972285765662,-0.30938086512239643,0.08978159415156287,0.19981175346754593,0.2
2025-06-14,built,-0.6695357040620965,-0.03680682145448763,0.019293712219295576,0.18935184922690196,0.2
2025-06-14,bare,0.6704064374340499,0.03682516258407689,0.0192937123437607,0.18935185226922235,0.2
2025-06-14,vegetation,-0.024775720568131987,0.0,0.0,0.0,0.15
2025-06-14,density,-0.8339276232912729,-0.1639000723367472,0.07842703753446598,0.19971027012382236,0.2
2025-06-14,ndvi,-0.5446585801943322,-0.1072102410917366,0.021475858978528738,0.0864221683004871,0.1
2025-06-14,ndbi,0.26476647463820746,-0.007957829226341667,0.015658693220412214,0.07858174021384912,0.12
2025-06-14,brightness,0.923645259797123,0.14033077540085634,0.029518285390033726,0.09834301471710205,0.1
2025-06-14,coast_km,-1.4452898848187463,-0.2914313941996754,0.08256766940823428,0.19999440257093032,0.2
2025-06-22,built,-0.6651525572341915,-0.02988732178877859,0.018359242189840756,0.18935184922690196,0.2
2025-06-22,bare,0.6660293461811985,0.029601818261161338,0.01848666331864643,0.18935185226922235,0.2
2025-06-22,vegetation,-0.02523870221977385,0.013826298770204606,0.0001274210020660534,0.027777778450399637,0.15
2025-06-22,density,-0.8302823066809323,-0.15648524626305013,0.08032269222483467,0.19836119562387466,0.2
2025-06-22,ndvi,-0.6119590570184189,-0.17537481147848363,0.019625177033909928,0.08824534027371556,0.1
2025-06-22,ndbi,0.2128377418122542,-0.04073592441542452,0.01888415081365902,0.10282776807071059,0.12
2025-06-22,brightness,0.9446305219033843,0.16000159284144638,0.031074197142610824,0.09961746726185083,0.1
2025-06-22,coast_km,-1.3629869503863508,-0.2487877521232488,0.07407134849875473,0.1998270198219561,0.2
2025-06-30,built,-0.6745635342062174,-0.03239119275205384,0.02001194734120607,0.19444444589316845,0.2
2025-06-30,bare,0.6754339010165479,0.03240728202219452,0.020011947509588048,0.19444444542750716,0.2
2025-06-30,vegetation,-0.024656349583379134,0.0,0.0,0.0,0.15
2025-06-30,density,-0.8409228824325617,-0.1433276465863746,0.07956098217443743,0.19836119562387466,0.2
2025-06-30,ndvi,-0.6079776525405517,-0.20696440421205975,0.018594583199937776,0.09322418042575009,0.1
2025-06-30,ndbi,0.272060660745142,-0.07319980357414106,0.016943524630810267,0.08755235868738964,0.12
2025-06-30,brightness,0.8936775125976422,0.14686139049492128,0.028066876512678272,0.09996723756194115,0.1
2025-06-30,coast_km,-1.402744438897343,-0.2631019450909725,0.07830434293830543,0.19999864283600266,0.2
2025-07-08,built,-0.6698809775450884,-0.036416489821168616,0.020137831786877083,0.19444444589316845,0.2
2025-07-08,bare,0.6707518738219598,0.036434633951009404,0.02013783193982945,0.19444444542750716,0.2
2025-07-08,vegetation,-0.024775720568131987,0.0,0.0,0.0,0.15
2025-07-08,density,-0.8339628441468085,-0.14619517592919992,0.07445838195738477,0.19971027012382236,0.2
2025-07-08,ndvi,-0.7866971948253125,-0.33106209076885934,0.017507957938776568,0.06885601067915559,0.1
2025-07-08,ndbi,0.3588510594625854,0.054224145601827,0.014176957199720426,0.07523074981872924,0.12
2025-07-08,brightness,0.769441525690572,0.025952591634652314,0.025093993339365756,0.09905495755374433,0.1
2025-07-08,coast_km,-1.44536134846308,-0.2727255300797213,0.07904694683390581,0.19999440257093032,0.2
2025-07-16,built,-0.6632315130213968,-0.03169661997993671,0.018586491186317014,0.1875000004656613,0.2
2025-07-16,bare,0.6641005653523091,0.031712529713444265,0.01858649143691595,0.1875,0.2
2025-07-16,vegetation,-0.024673358665270442,0.0,0.0,0.0,0.15
2025-07-16,density,-0.8294652154742371,-0.15790609231166994,0.08055515886765091,0.19971027012382236,0.2
2025-07-16,ndvi,-0.637267199844567,-0.22451217293692377,0.02160376734331328,0.09609267977066338,0.1
2025-07-16,ndbi,0.22010296586947953,-0.10204853320545579,0.016379775935260965,0.08775514393346384,0.12
2025-07-16,brightness,0.9383434722516273,0.15725163231244021,0.029300359678255075,0.09985423274338245,0.1
2025-07-16,coast_km,-1.4131928201270145,-0.2791858640576561,0.07933441275665834,0.19857828860093663,0.2
2025-07-24,built,-0.6665832638267618,-0.03134612567832202,0.020217519016591485,0.1875000004656613,0.2
2025-07-24,bare,0.6674579920211015,0.029833764979759696,0.020865667292049955,0.1875,0.2
2025-07-24,vegetation,-0.025083889254841563,0.07039484824741439,0.0006481481612556511,0.11805555783212185,0.15
2025-07-24,density,-0.8315293067285241,-0.14962635041433675,0.08127333199084792,0.19971027012382236,0.2
2025-07-24,ndvi,-0.5872093232609434,-0.16364429596880775,0.020941342590064957,0.08421934314537793,0.1
2025-07-24,ndbi,0.2766071596611171,-0.06542004468764827,0.01673201413116491,0.090123661712596,0.12
2025-07-24,brightness,0.903056492937664,0.1588520486145095,0.027876410699683347,0.09986495599150658,0.1
2025-07-24,coast_km,-1.3907929719594612,-0.28879489502629596,0.08523214407933986,0.19809113344481,0.2
2025-08-09,built,-0.6698809775450884,-0.027516124181783324,0.01980313643947378,0.19444444589316845,0.2
2025-08-09,bare,0.6707518738219598,0.027234660431743208,0.019928261609440362,0.19444444542750716,0.2
2025-08-09,vegetation,-0.024775720568131987,0.013614787035710436,0.00012512512815495333,0.027777778450399637,0.15
2025-08-09,density,-0.8339625302003749,-0.151025855035732,0.07755110260962451,0.19971027012382236,0.2
2025-08-09,ndvi,-0.4379941542608918,0.12076199560104822,0.020655972356913726,0.08329228404909372,0.1
2025-08-09,ndbi,0.38305589955362873,0.14398837683871407,0.01794433249524478,0.08507118016132154,0.12
2025-08-09,brightness,0.8507514764946322,0.09722988614360771,0.027513000816305335,0.09939833078533411,0.1
2025-08-09,coast_km,-1.3900307400796479,-0.24182098844307026,0.07537428133852209,0.19999440257093032,0.2
2025-08-25,built,-0.6680270770472151,-0.027643985794432946,0.01769474783634616,0.1875000004656613,0.2
2025-08-25,bare,0.6688990429483836,0.026136712461065855,0.01834002815015892,0.1875,0.2
2025-08-25,vegetation,-0.02482842633037884,0.06995256720377424,0.0006452802490377057,0.11805555783212185,0.15
2025-08-25,density,-0.8342280847531971,-0.15085456039968095,0.0792567135750758,0.19937041401863098,0.2
2025-08-25,ndvi,-0.42828728780649705,0.039018994299078694,0.018330516717012888,0.09501675167120993,0.1
2025-08-25,ndbi,0.3351480965239729,-0.04231198066469526,0.016114517914807423,0.06728366077368264,0.12
2025-08-25,brightness,0.8580041679156557,0.11272748500399282,0.028356304008075574,0.09740114212036133,0.1
2025-08-25,coast_km,-1.3278858078240303,-0.24859460620666418,0.07319385603115745,0.1993118155720104,0.2
2025-09-02,built,-0.6717596759799339,-0.03768243643474216,0.022477610228224573,0.19444444589316845,0.2
2025-09-02,bare,0.6726288663426814,0.03770122235392011,0.02247761029230275,0.19444444542750716,0.2
2025-09-02,vegetation,-0.024639349761227915,0.0,0.0,0.0,0.15
2025-09-02,density,-0.8381705584612713,-0.15355196188971287,0.0771529243439983,0.19971027012382236,0.2
2025-09-02,ndvi,-0.6741277337840652,-0.2551910259646503,0.01918793492996844,0.08632900787051767,0.1
2025-09-02,ndbi,0.22183780789055893,-0.08097691409850147,0.01615091125722877,0.077122241903383,0.12
2025-09-02,brightness,0.9541019363291969,0.19445187985615608,0.02835840191315592,0.09933043271303177,0.1
2025-09-02,coast_km,-1.4398489800926733,-0.27265844921380283,0.07786559415220713,0.19999440257093032,0.2
2025-09-10,built,-0.6596056764045746,-0.02301035796241926,0.01770886178915155,0.18749999860301614,0.2
2025-09-10,bare,0.6604908859883784,0.022723066745538808,0.017835701065055765,0.18750000139698386,0.2
2025-09-10,vegetation,-0.025862874987371644,0.013711960391163092,0.00012683917100639105,0.027777778450399637,0.15
2025-09-10,density,-0.8264361690233548,-0.12893939462706663,0.07067288582821626,0.19971027012382236,0.2
2025-09-10,ndvi,-0.1933637485919942,-0.002974594211749376,0.02320828791798335,0.08857709292967159,0.1
2025-09-10,ndbi,0.3168862760462398,-0.026264484529279215,0.015296901529955179,0.10059761207230622,0.12
2025-09-10,brightness,0.9075277826777551,0.17002776519488905,0.02844156722878398,0.09525549381207199,0.1
2025-09-10,coast_km,-1.3325703442949106,-0.2270489617623654,0.07296282589122988,0.19939809945613451,0.2
2025-09-18,built,-0.6706410266012336,-0.027663105659592603,0.01811109794314948,0.1875000004656613,0.2
2025-09-18,bare,0.6715156081597642,0.027676767294547776,0.018111098142350856,0.1875,0.2
2025-09-18,vegetation,-0.02506521428996413,0.0,0.0,0.0,0.15
2025-09-18,density,-0.8365671294599103,-0.14730155808378464,0.07907169391548492,0.19925027713179588,0.2
2025-09-18,ndvi,-0.22564334552101187,0.05527004209934512,0.024595758595172545,0.09664873220026493,0.1
2025-09-18,ndbi,0.2699286683113858,-0.08063254165039266,0.018026046131124927,0.09244551337178564,0.12
2025-09-18,brightness,0.9238058841848485,0.19670355184387484,0.029998875337226866,0.09960801806300879,0.1
2025-09-18,coast_km,-1.4210713844509755,-0.2595315557078013,0.08225549403362968,0.1989314534142877,0.2
2025-09-26,built,-0.663206595978257,-0.030261757758158703,0.021534296073255747,0.18750000186264515,0.2
2025-09-26,bare,0.6640709471354925,0.03027701195966517,0.02153429629733392,0.18750000139698386,0.2
2025-09-26,vegetation,-0.0243028822605399,0.0,0.0,0.0,0.15
2025-09-26,density,-0.8372883956193308,-0.14841597954751992,0.0777933567172748,0.19954455097516377,0.2
2025-09-26,ndvi,-0.1642142242751506,0.26085560105788447,0.0270549204967486,0.0966821449653556,0.1
2025-09-26,ndbi,0.25471558318152376,-0.026691498923647517,0.01795387800812098,0.0850893423485104,0.12
2025-09-26,brightness,0.8994855958306149,0.21688710333745126,0.03315477642743593,0.0990971140563488,0.1
2025-09-26,coast_km,-1.4154789606874358,-0.35990901294151506,0.09625678230705059,0.19921783315170755,0.2
