kind,model,splits,mean_mae_c,min_mae_c,max_mae_c,mean_bias_c,mae_change_vs_original_c
date,+ All additions (2017),5,2.000514328980476,1.3063483796128765,2.9215645424009353,-0.01969785789401266,-0.09769982366474217
date,+ All additions (2023 retrospective),5,2.0022218688457127,1.2663329249263564,2.9840460564961173,-0.008425512845269401,-0.09599228379950553
date,+ Cell cover (2017),5,2.082688102947713,1.3849183386464003,2.9581223572923165,-0.02072262901307189,-0.015526049697505151
date,+ Sentinel variation,5,2.0623117673443403,1.3524103031552266,3.006246220418995,-0.007389502141914495,-0.03590238530087797
date,+ Surroundings (2017),5,2.007951993395963,1.3015707528426925,2.921719240322025,-0.020409791071363113,-0.09026215924925518
date,Original features,5,2.0982141526452183,1.3819800888920197,2.9996080747055953,-0.0204379572987071,0.0
date,Training median,5,2.1053266763687133,1.9356989860534668,2.456045150756836,0.41100683286786077,0.007112523723495023
forward_year,+ All additions (2017),1,1.3886048249933813,1.3886048249933813,1.3886048249933813,0.5364647975258724,-0.0622758472777547
forward_year,+ All additions (2023 retrospective),1,1.3736971161867069,1.3736971161867069,1.3736971161867069,0.5208966620472197,-0.07718355608442917
forward_year,+ Cell cover (2017),1,1.459038208135755,1.459038208135755,1.459038208135755,0.5736213809772783,0.00815753586461887
forward_year,+ Sentinel variation,1,1.4700841992982456,1.4700841992982456,1.4700841992982456,0.580841880738514,0.01920352702710959
forward_year,+ Surroundings (2017),1,1.3939568446916966,1.3939568446916966,1.3939568446916966,0.5710844315090177,-0.05692382757943948
forward_year,Original features,1,1.450880672271136,1.450880672271136,1.450880672271136,0.5611689187743429,0.0
forward_year,Training median,1,1.94287109375,1.94287109375,1.94287109375,1.1722677946090698,0.49199042147886396
space,+ All additions (2017),3,0.911073488823792,0.7832588549953561,1.0479320141952289,0.19168699929229316,0.028175991178894133
space,+ All additions (2023 retrospective),3,0.8859757895839179,0.7828992809057794,0.9476232374845442,0.18414946362778864,0.0030782919390199837
space,+ Cell cover (2017),3,0.8915772215940839,0.7306481159882793,0.9933571992661548,0.2559352915661474,0.008679723949186036
space,+ Sentinel variation,3,0.8867213397030485,0.719257115213509,0.9740635715488595,0.2034748166779848,0.0038238420581505617
space,+ Surroundings (2017),3,0.925524038427244,0.7814823092875703,1.0555979477528183,0.21408496404642022,0.04262654078234607
space,Original features,3,0.8828974976448979,0.712000351955702,1.002609712828714,0.20724720591047738,0.0
space,Training median,3,2.098933696746826,2.047874927520752,2.1421470642089844,0.30936021481951076,1.2160361991019282
space_and_date,+ All additions (2017),3,2.59071557615912,1.6463218790029928,3.331477281931354,0.42046659010101406,-0.042492749447564204
space_and_date,+ All additions (2023 retrospective),3,2.6284026114805923,1.7285097654912482,3.4248851215309593,0.4389685935045124,-0.004805714126091765
space_and_date,+ Cell cover (2017),3,2.618474443926699,1.725139932685806,3.2713075517531482,0.4714793618917798,-0.014733881679985128
space_and_date,+ Sentinel variation,3,2.5956388377516624,1.714797116209971,3.2506483050243884,0.4308039363235217,-0.03756948785502168
space_and_date,+ Surroundings (2017),3,2.576707484634394,1.618710513928487,3.3004724155649314,0.4069180405108416,-0.056500840972290245
space_and_date,Original features,3,2.633208325606684,1.7163022957732759,3.2945484513385956,0.4106588625343144,0.0
space_and_date,Training median,3,2.1708287398020425,2.070098638534546,2.2911155223846436,0.5674296965201696,-0.46237958580464156
